{
  "layout":{
    "children":[
      {
        "children":[
          {
            "children":[
              {
                "cls":"starling.display.Image",
                "constructorParams":[
                  {
                    "cls":"starling.textures.Texture",
                    "textureName":"ribbon"
                  }
                ],
                "customParams":{},
                "params":{
                  "color":16721173,
                  "name":"ribbon",
                  "scale9Grid":{
                    "cls":"flash.geom.Rectangle",
                    "customParams":{},
                    "params":{
                      "height":8,
                      "width":33,
                      "x":85,
                      "y":27
                    }
                  },
                  "scaleX":1.61,
                  "scaleY":1.13
                }
              },
              {
                "cls":"starling.text.TextField",
                "constructorParams":[
                  {
                    "value":200
                  },
                  {
                    "value":100
                  },
                  {
                    "value":""
                  }
                ],
                "customParams":{
                  "localizeKey":"text_03"
                },
                "params":{
                  "autoScale":true,
                  "batchable":true,
                  "format":{
                    "cls":"starling.text.TextFormat",
                    "customParams":{},
                    "params":{
                      "color":16777215,
                      "font":"lilita_one",
                      "size":40
                    }
                  },
                  "height":50,
                  "name":"header_text",
                  "width":320
                }
              }
            ],
            "cls":"starling.display.Sprite",
            "customParams":{},
            "params":{
              "name":"sprite",
              "pivotX":166.25,
              "pivotY":33.25,
              "x":275
            }
          },
          {
            "children":[
              {
                "cls":"starling.display.Image",
                "constructorParams":[
                  {
                    "cls":"starling.textures.Texture",
                    "textureName":"air_icon"
                  }
                ],
                "customParams":{},
                "params":{
                  "name":"_air_icon",
                  "pivotX":72,
                  "pivotY":72.5,
                  "x":110,
                  "y":106.5
                }
              },
              {
                "cls":"starling.display.MovieClip",
                "constructorParams":[
                  {
                    "cls":"__AS3__.vec.Vector.<starling.textures.Texture>",
                    "label":"prefix",
                    "name":"textures",
                    "value":"bird00"
                  }
                ],
                "customParams":{},
                "params":{
                  "fps":14,
                  "name":"_bird_mc",
                  "pivotX":50,
                  "pivotY":46.5,
                  "x":250,
                  "y":100.5
                }
              },
              {
                "cls":"feathers.controls.ImageLoader",
                "customParams":{},
                "params":{
                  "name":"_feathers_img_loader",
                  "pivotX":66,
                  "pivotY":66,
                  "source":"https://feathersui.com/img/feathers-ui-icon-color.png",
                  "x":396,
                  "y":100
                }
              }
            ],
            "cls":"feathers.controls.LayoutGroup",
            "customParams":{},
            "params":{
              "backgroundSkin":{
                "cls":"starling.display.Image",
                "constructorParams":[
                  {
                    "cls":"starling.textures.Texture",
                    "textureName":"panelInset_beige"
                  }
                ],
                "customParams":{},
                "params":{
                  "name":null,
                  "scale9Grid":{
                    "cls":"flash.geom.Rectangle",
                    "customParams":{},
                    "params":{
                      "height":39,
                      "width":65,
                      "x":19,
                      "y":29
                    }
                  },
                  "scaleX":5.38,
                  "scaleY":2.13
                }
              },
              "height":200,
              "layout":{
                "cls":"feathers.layout.HorizontalLayout",
                "customParams":{},
                "params":{
                  "gap":30,
                  "horizontalAlign":"center",
                  "verticalAlign":"middle"
                }
              },
              "layoutData":{
                "cls":"feathers.layout.AnchorLayoutData",
                "customParams":{},
                "params":{
                  "horizontalCenter":0,
                  "verticalCenter":0
                }
              },
              "name":"_main_layout",
              "width":500,
              "x":25,
              "y":125
            }
          },
          {
            "cls":"starling.display.Button",
            "constructorParams":[
              {
                "cls":"starling.textures.Texture",
                "textureName":"button_normal"
              }
            ],
            "customParams":{
              "localizeKey":"text_04"
            },
            "params":{
              "height":75,
              "name":"_awesome_button",
              "pivotX":125,
              "pivotY":37.5,
              "scale9Grid":{
                "cls":"flash.geom.Rectangle",
                "customParams":{},
                "params":{
                  "height":4,
                  "width":54,
                  "x":47,
                  "y":22
                }
              },
              "scaleWhenDown":0.98,
              "textFormat":{
                "cls":"starling.text.TextFormat",
                "constructorParams":[],
                "customParams":{},
                "params":{
                  "color":16645885,
                  "font":"lilita_one",
                  "size":40
                }
              },
              "width":250,
              "x":275,
              "y":400
            }
          }
        ],
        "cls":"feathers.controls.LayoutGroup",
        "customParams":{},
        "params":{
          "backgroundSkin":{
            "cls":"starling.display.Image",
            "constructorParams":[
              {
                "cls":"starling.textures.Texture",
                "textureName":"panel_brown"
              }
            ],
            "customParams":{},
            "params":{
              "name":null,
              "scale9Grid":{
                "cls":"flash.geom.Rectangle",
                "customParams":{},
                "params":{
                  "height":40,
                  "width":69,
                  "x":17,
                  "y":30
                }
              },
              "scaleX":5.5,
              "scaleY":4.5
            }
          },
          "height":450,
          "layout":{
            "cls":"feathers.layout.AnchorLayout",
            "customParams":{},
            "params":{}
          },
          "layoutData":{
            "cls":"feathers.layout.AnchorLayoutData",
            "customParams":{},
            "params":{
              "horizontalCenter":0,
              "verticalCenter":0
            }
          },
          "name":"layoutGroup",
          "width":550,
          "x":45,
          "y":255
        }
      }
    ],
    "cls":"feathers.controls.LayoutGroup",
    "customParams":{},
    "params":{
      "backgroundSkin":{
        "cls":"starling.display.Quad",
        "constructorParams":[
          {
            "name":"width",
            "type":"Number",
            "value":50
          },
          {
            "name":"height",
            "type":"Number",
            "value":50
          }
        ],
        "customParams":{},
        "params":{
          "alpha":0.5,
          "color":2960685,
          "name":null,
          "scaleX":12.8,
          "scaleY":19.2
        }
      },
      "height":960,
      "layout":{
        "cls":"feathers.layout.AnchorLayout",
        "customParams":{},
        "params":{}
      },
      "layoutData":{
        "cls":"feathers.layout.AnchorLayoutData",
        "customParams":{},
        "params":{
          "percentHeight":100,
          "percentWidth":100
        }
      },
      "name":"root",
      "width":640
    }
  },
  "setting":{
    "canvasColor":16777215,
    "canvasSize":{
      "x":640,
      "y":960
    }
  },
  "version":"2.0"
}