<?xml version="1.0" encoding="UTF-8"?>
<!--
Created with Free texture packer v0.6.7 http://free-tex-packer.com
-->
<TextureAtlas imagePath="texture.png" width="941" height="870">
  <SubTexture name="turbo_shift" x="2" y="2"  width="542" height="110" frameX="-0" frameY="-0" frameWidth="542" frameHeight="110"/>
  <SubTexture name="lilita_one" x="2" y="116"  width="213" height="509" frameX="-0" frameY="-0" frameWidth="213" frameHeight="509"/>
  <SubTexture name="popup_back" x="548" y="2"  width="391" height="147" frameX="-0" frameY="-0" frameWidth="391" frameHeight="147"/>
  <SubTexture name="settings_back" x="219" y="153"  width="64" height="284" frameX="-0" frameY="-0" frameWidth="64" frameHeight="284"/>
  <SubTexture name="player_car" x="287" y="116"  width="134" height="270" frameX="-0" frameY="-0" frameWidth="134" frameHeight="270"/>
  <SubTexture name="enemy_car_01" x="425" y="153"  width="140" height="239" frameX="-0" frameY="-0" frameWidth="140" frameHeight="239"/>
  <SubTexture name="enemy_car_05" x="569" y="153"  width="140" height="239" frameX="-0" frameY="-0" frameWidth="140" frameHeight="239"/>
  <SubTexture name="enemy_car_04" x="713" y="153"  width="140" height="239" frameX="-0" frameY="-0" frameWidth="140" frameHeight="239"/>
  <SubTexture name="enemy_car_03" x="2" y="629"  width="140" height="239" frameX="-0" frameY="-0" frameWidth="140" frameHeight="239"/>
  <SubTexture name="enemy_car_02" x="146" y="629"  width="140" height="239" frameX="-0" frameY="-0" frameWidth="140" frameHeight="239"/>
  <SubTexture name="ribbon" x="219" y="441"  width="207" height="59" frameX="-0" frameY="-0" frameWidth="207" frameHeight="59"/>
  <SubTexture name="button_normal" x="219" y="504"  width="135" height="49" frameX="-0" frameY="-0" frameWidth="135" frameHeight="49"/>
  <SubTexture name="air_icon" x="290" y="557"  width="132" height="132" frameX="-0" frameY="-0" frameWidth="132" frameHeight="132"/>
  <SubTexture name="button_grey" x="290" y="693"  width="128" height="53" frameX="-0" frameY="-0" frameWidth="128" frameHeight="53"/>
  <SubTexture name="button_down" x="290" y="750"  width="104" height="101" frameX="-0" frameY="-0" frameWidth="104" frameHeight="101"/>
  <SubTexture name="button_up" x="398" y="750"  width="104" height="101" frameX="-0" frameY="-0" frameWidth="104" frameHeight="101"/>
  <SubTexture name="bird0014" x="426" y="504"  width="100" height="93" frameX="-0" frameY="-0" frameWidth="100" frameHeight="93"/>
  <SubTexture name="bird0008" x="430" y="396"  width="100" height="93" frameX="-0" frameY="-0" frameWidth="100" frameHeight="93"/>
  <SubTexture name="bird0010" x="426" y="601"  width="100" height="93" frameX="-0" frameY="-0" frameWidth="100" frameHeight="93"/>
  <SubTexture name="bird0011" x="506" y="698"  width="100" height="93" frameX="-0" frameY="-0" frameWidth="100" frameHeight="93"/>
  <SubTexture name="bird0012" x="530" y="493"  width="100" height="93" frameX="-0" frameY="-0" frameWidth="100" frameHeight="93"/>
  <SubTexture name="bird0013" x="534" y="396"  width="100" height="93" frameX="-0" frameY="-0" frameWidth="100" frameHeight="93"/>
  <SubTexture name="bird0001" x="530" y="590"  width="100" height="93" frameX="-0" frameY="-0" frameWidth="100" frameHeight="93"/>
  <SubTexture name="bird0007" x="610" y="687"  width="100" height="93" frameX="-0" frameY="-0" frameWidth="100" frameHeight="93"/>
  <SubTexture name="bird0006" x="634" y="493"  width="100" height="93" frameX="-0" frameY="-0" frameWidth="100" frameHeight="93"/>
  <SubTexture name="bird0005" x="634" y="590"  width="100" height="93" frameX="-0" frameY="-0" frameWidth="100" frameHeight="93"/>
  <SubTexture name="bird0004" x="638" y="396"  width="100" height="93" frameX="-0" frameY="-0" frameWidth="100" frameHeight="93"/>
  <SubTexture name="bird0009" x="714" y="687"  width="100" height="93" frameX="-0" frameY="-0" frameWidth="100" frameHeight="93"/>
  <SubTexture name="bird0002" x="818" y="396"  width="100" height="93" frameX="-0" frameY="-0" frameWidth="100" frameHeight="93"/>
  <SubTexture name="panel_brown" x="818" y="493"  width="100" height="100" frameX="-0" frameY="-0" frameWidth="100" frameHeight="100"/>
  <SubTexture name="bird0003" x="818" y="597"  width="100" height="93" frameX="-0" frameY="-0" frameWidth="100" frameHeight="93"/>
  <SubTexture name="item_back" x="857" y="153"  width="80" height="99" frameX="-0" frameY="-0" frameWidth="80" frameHeight="99"/>
  <SubTexture name="panelInset_beige" x="818" y="694"  width="93" height="94" frameX="-0" frameY="-0" frameWidth="93" frameHeight="94"/>
  <SubTexture name="close_button" x="506" y="795"  width="69" height="71" frameX="-0" frameY="-0" frameWidth="69" frameHeight="71"/>
  <SubTexture name="leaderboard_icon" x="579" y="795"  width="69" height="71" frameX="-0" frameY="-0" frameWidth="69" frameHeight="71"/>
  <SubTexture name="settings_icon" x="742" y="396"  width="69" height="71" frameX="-0" frameY="-0" frameWidth="69" frameHeight="71"/>
  <SubTexture name="language_icon" x="742" y="471"  width="69" height="71" frameX="-0" frameY="-0" frameWidth="69" frameHeight="71"/>
  <SubTexture name="help_icon" x="652" y="792"  width="69" height="71" frameX="-0" frameY="-0" frameWidth="69" frameHeight="71"/>
  <SubTexture name="slider" x="219" y="557"  width="64" height="64" frameX="-0" frameY="-0" frameWidth="64" frameHeight="64"/>
  <SubTexture name="tile" x="738" y="546"  width="64" height="64" frameX="-0" frameY="-0" frameWidth="64" frameHeight="64"/>
  <SubTexture name="ban_icon" x="422" y="698"  width="48" height="48" frameX="-0" frameY="-0" frameWidth="48" frameHeight="48"/>
  <SubTexture name="bgm_ icon" x="358" y="504"  width="48" height="48" frameX="-0" frameY="-0" frameWidth="48" frameHeight="48"/>
  <SubTexture name="info_icon" x="738" y="614"  width="48" height="48" frameX="-0" frameY="-0" frameWidth="48" frameHeight="48"/>
  <SubTexture name="sfx_icon" x="725" y="792"  width="48" height="48" frameX="-0" frameY="-0" frameWidth="48" frameHeight="48"/>
</TextureAtlas>