{
  "layout":{
    "children":[
      {
        "children":[
          {
            "children":[
              {
                "cls":"starling.display.Image",
                "constructorParams":[
                  {
                    "cls":"starling.textures.Texture",
                    "textureName":"ribbon"
                  }
                ],
                "customParams":{},
                "params":{
                  "name":"ribbon",
                  "scale9Grid":{
                    "cls":"flash.geom.Rectangle",
                    "customParams":{},
                    "params":{
                      "height":5,
                      "width":40,
                      "x":85,
                      "y":32
                    }
                  },
                  "scaleX":1.69
                }
              },
              {
                "cls":"starling.text.TextField",
                "constructorParams":[
                  {
                    "value":200
                  },
                  {
                    "value":100
                  },
                  {
                    "value":""
                  }
                ],
                "customParams":{
                  "localizeKey":"text_09"
                },
                "params":{
                  "autoScale":true,
                  "batchable":true,
                  "format":{
                    "cls":"starling.text.TextFormat",
                    "customParams":{},
                    "params":{
                      "color":16777215,
                      "font":"lilita_one",
                      "size":40
                    }
                  },
                  "height":50,
                  "name":"header_text",
                  "width":350
                }
              }
            ],
            "cls":"starling.display.Sprite",
            "customParams":{},
            "params":{
              "name":"sprite",
              "pivotX":175,
              "pivotY":29.5,
              "x":250
            }
          },
          {
            "cls":"feathers.controls.List",
            "customParams":{},
            "params":{
              "backgroundSkin":{
                "cls":"starling.display.Image",
                "constructorParams":[
                  {
                    "cls":"starling.textures.Texture",
                    "textureName":"panelInset_beige"
                  }
                ],
                "customParams":{},
                "params":{
                  "name":null,
                  "scale9Grid":{
                    "cls":"flash.geom.Rectangle",
                    "customParams":{},
                    "params":{
                      "height":31,
                      "width":11,
                      "x":26,
                      "y":30
                    }
                  },
                  "scaleX":4.84,
                  "scaleY":5.32
                }
              },
              "height":500,
              "layout":{
                "cls":"feathers.layout.VerticalLayout",
                "constructorParams":[],
                "customParams":{},
                "params":{
                  "gap":5,
                  "horizontalAlign":"center",
                  "padding":15
                }
              },
              "layoutData":{
                "cls":"feathers.layout.AnchorLayoutData",
                "customParams":{},
                "params":{
                  "horizontalCenter":0,
                  "verticalCenter":10
                }
              },
              "name":"_list",
              "width":450,
              "x":25,
              "y":60
            }
          },
          {
            "cls":"starling.display.Button",
            "constructorParams":[
              {
                "cls":"starling.textures.Texture",
                "textureName":"close_button"
              }
            ],
            "customParams":{},
            "params":{
              "height":71,
              "name":"_close_button",
              "pivotX":34.5,
              "pivotY":35.5,
              "scaleWhenDown":0.98,
              "textFormat":{
                "cls":"starling.text.TextFormat",
                "constructorParams":[],
                "customParams":{},
                "params":{}
              },
              "width":69,
              "x":480,
              "y":15
            }
          }
        ],
        "cls":"feathers.controls.LayoutGroup",
        "customParams":{},
        "params":{
          "backgroundSkin":{
            "cls":"starling.display.Image",
            "constructorParams":[
              {
                "cls":"starling.textures.Texture",
                "textureName":"panel_brown"
              }
            ],
            "customParams":{},
            "params":{
              "name":null,
              "scale9Grid":{
                "cls":"flash.geom.Rectangle",
                "customParams":{},
                "params":{
                  "height":40,
                  "width":32,
                  "x":35,
                  "y":30
                }
              },
              "scaleX":5,
              "scaleY":6
            }
          },
          "height":600,
          "layout":{
            "cls":"feathers.layout.AnchorLayout",
            "customParams":{},
            "params":{}
          },
          "layoutData":{
            "cls":"feathers.layout.AnchorLayoutData",
            "customParams":{},
            "params":{
              "horizontalCenter":0,
              "verticalCenter":0
            }
          },
          "name":"layoutGroup",
          "width":500,
          "x":70,
          "y":180
        }
      }
    ],
    "cls":"feathers.controls.LayoutGroup",
    "customParams":{},
    "params":{
      "backgroundSkin":{
        "cls":"starling.display.Quad",
        "constructorParams":[
          {
            "name":"width",
            "type":"Number",
            "value":50
          },
          {
            "name":"height",
            "type":"Number",
            "value":50
          }
        ],
        "customParams":{},
        "params":{
          "alpha":0.5,
          "color":4144959,
          "name":null,
          "scaleX":12.8,
          "scaleY":19.2
        }
      },
      "height":960,
      "layout":{
        "cls":"feathers.layout.AnchorLayout",
        "customParams":{},
        "params":{}
      },
      "layoutData":{
        "cls":"feathers.layout.AnchorLayoutData",
        "customParams":{},
        "params":{
          "percentHeight":100,
          "percentWidth":100
        }
      },
      "name":"root",
      "width":640
    }
  },
  "setting":{
    "canvasColor":16777215,
    "canvasSize":{
      "x":640,
      "y":960
    }
  },
  "version":"2.0"
}