{
  "layout":{
    "children":[
      {
        "children":[
          {
            "cls":"starling.display.Image",
            "constructorParams":[
              {
                "cls":"starling.textures.Texture",
                "textureName":"turbo_shift"
              }
            ],
            "customParams":{},
            "params":{
              "name":"_turbo_shift",
              "x":5
            }
          },
          {
            "cls":"starling.display.Button",
            "constructorParams":[
              {
                "cls":"starling.textures.Texture",
                "textureName":"button_up"
              }
            ],
            "customParams":{
              "localizeKey":"text_01"
            },
            "params":{
              "height":101,
              "name":"_start_button",
              "pivotX":125,
              "pivotY":50.5,
              "scale9Grid":{
                "cls":"flash.geom.Rectangle",
                "customParams":{},
                "params":{
                  "height":40,
                  "width":42,
                  "x":31,
                  "y":30
                }
              },
              "scaleWhenDown":0.98,
              "textFormat":{
                "cls":"starling.text.TextFormat",
                "constructorParams":[],
                "customParams":{},
                "params":{
                  "color":16777215,
                  "font":"lilita_one",
                  "size":40
                }
              },
              "width":250,
              "x":320,
              "y":231
            }
          },
          {
            "cls":"starling.text.TextField",
            "constructorParams":[
              {
                "value":200
              },
              {
                "value":100
              },
              {
                "value":""
              }
            ],
            "customParams":{
              "localizeKey":"text_02"
            },
            "params":{
              "format":{
                "cls":"starling.text.TextFormat",
                "customParams":{},
                "params":{
                  "color":16777215,
                  "font":"lilita_one",
                  "size":40
                }
              },
              "height":100,
              "name":"_best_score_text",
              "pivotX":250,
              "pivotY":50,
              "width":500,
              "x":320,
              "y":402
            }
          }
        ],
        "cls":"feathers.controls.LayoutGroup",
        "customParams":{},
        "params":{
          "height":450,
          "layoutData":{
            "cls":"feathers.layout.AnchorLayoutData",
            "customParams":{},
            "params":{
              "horizontalCenter":0,
              "verticalCenter":0
            }
          },
          "name":"center_layout",
          "width":640,
          "y":255
        }
      },
      {
        "children":[
          {
            "children":[
              {
                "children":[
                  {
                    "cls":"starling.display.Image",
                    "constructorParams":[
                      {
                        "cls":"starling.textures.Texture",
                        "textureName":"slider"
                      }
                    ],
                    "customParams":{},
                    "params":{
                      "name":"slider",
                      "scale9Grid":{
                        "cls":"flash.geom.Rectangle",
                        "customParams":{},
                        "params":{
                          "height":1,
                          "width":1,
                          "x":32,
                          "y":32
                        }
                      },
                      "scaleX":1.09,
                      "scaleY":4.06
                    }
                  },
                  {
                    "children":[
                      {
                        "children":[
                          {
                            "cls":"starling.display.Image",
                            "constructorParams":[
                              {
                                "cls":"starling.textures.Texture",
                                "textureName":"bgm_ icon"
                              }
                            ],
                            "customParams":{},
                            "params":{
                              "name":"bgm_ icon"
                            }
                          },
                          {
                            "cls":"starling.display.Image",
                            "constructorParams":[
                              {
                                "cls":"starling.textures.Texture",
                                "textureName":"ban_icon"
                              }
                            ],
                            "customParams":{},
                            "params":{
                              "name":"ban_icon"
                            }
                          }
                        ],
                        "cls":"starling.display.Sprite",
                        "customParams":{
                          "customComponentClass":"ButtonSprite"
                        },
                        "params":{
                          "name":"_bgm_sprite",
                          "pivotX":24,
                          "pivotY":24,
                          "x":35,
                          "y":70
                        }
                      },
                      {
                        "children":[
                          {
                            "cls":"starling.display.Image",
                            "constructorParams":[
                              {
                                "cls":"starling.textures.Texture",
                                "textureName":"sfx_icon"
                              }
                            ],
                            "customParams":{},
                            "params":{
                              "name":"sfx_ icon"
                            }
                          },
                          {
                            "cls":"starling.display.Image",
                            "constructorParams":[
                              {
                                "cls":"starling.textures.Texture",
                                "textureName":"ban_icon"
                              }
                            ],
                            "customParams":{},
                            "params":{
                              "name":"ban_icon"
                            }
                          }
                        ],
                        "cls":"starling.display.Sprite",
                        "customParams":{
                          "customComponentClass":"ButtonSprite"
                        },
                        "params":{
                          "name":"_sfx_sprite",
                          "pivotX":24,
                          "pivotY":24,
                          "x":35,
                          "y":138
                        }
                      },
                      {
                        "cls":"starling.display.Button",
                        "constructorParams":[
                          {
                            "cls":"starling.textures.Texture",
                            "textureName":"info_icon"
                          }
                        ],
                        "customParams":{},
                        "params":{
                          "height":48,
                          "name":"_info_button",
                          "textFormat":{
                            "cls":"starling.text.TextFormat",
                            "constructorParams":[],
                            "customParams":{},
                            "params":{}
                          },
                          "width":48,
                          "x":11,
                          "y":182
                        }
                      }
                    ],
                    "cls":"feathers.controls.LayoutGroup",
                    "customParams":{},
                    "params":{
                      "height":230,
                      "layout":{
                        "cls":"feathers.layout.VerticalLayout",
                        "customParams":{},
                        "params":{
                          "gap":20,
                          "horizontalAlign":"center",
                          "verticalAlign":"bottom"
                        }
                      },
                      "name":"layoutGroup",
                      "width":70
                    }
                  }
                ],
                "cls":"starling.display.Sprite",
                "customParams":{},
                "params":{
                  "name":"_settings_drop_down",
                  "y":70
                }
              }
            ],
            "cls":"starling.display.Sprite",
            "customParams":{},
            "params":{
              "mask":{
                "cls":"starling.display.Image",
                "constructorParams":[
                  {
                    "cls":"starling.textures.Texture",
                    "textureName":"slider"
                  }
                ],
                "customParams":{},
                "params":{
                  "name":null,
                  "scale9Grid":{
                    "cls":"flash.geom.Rectangle",
                    "customParams":{},
                    "params":{
                      "height":1,
                      "width":1,
                      "x":32,
                      "y":32
                    }
                  },
                  "scaleX":1.09,
                  "scaleY":4.92,
                  "y":30
                }
              },
              "name":"sprite"
            }
          },
          {
            "cls":"starling.display.Button",
            "constructorParams":[
              {
                "cls":"starling.textures.Texture",
                "textureName":"settings_icon"
              }
            ],
            "customParams":{},
            "params":{
              "height":71,
              "name":"_settings_button",
              "scaleWhenDown":0.98,
              "textFormat":{
                "cls":"starling.text.TextFormat",
                "constructorParams":[],
                "customParams":{},
                "params":{}
              },
              "width":69
            }
          }
        ],
        "cls":"feathers.controls.LayoutGroup",
        "customParams":{},
        "params":{
          "layoutData":{
            "cls":"feathers.layout.AnchorLayoutData",
            "customParams":{},
            "params":{
              "right":5,
              "top":5
            }
          },
          "name":"top_right_layout",
          "x":565,
          "y":5
        }
      },
      {
        "children":[
          {
            "cls":"starling.display.Button",
            "constructorParams":[
              {
                "cls":"starling.textures.Texture",
                "textureName":"leaderboard_icon"
              }
            ],
            "customParams":{},
            "params":{
              "height":71,
              "name":"_leaderboard_button",
              "scaleWhenDown":0.98,
              "textFormat":{
                "cls":"starling.text.TextFormat",
                "constructorParams":[],
                "customParams":{},
                "params":{}
              },
              "width":69
            }
          }
        ],
        "cls":"feathers.controls.LayoutGroup",
        "customParams":{},
        "params":{
          "layoutData":{
            "cls":"feathers.layout.AnchorLayoutData",
            "customParams":{},
            "params":{
              "bottom":5,
              "right":5
            }
          },
          "name":"bottom_right_layout",
          "x":566,
          "y":884
        }
      },
      {
        "children":[
          {
            "cls":"starling.display.Button",
            "constructorParams":[
              {
                "cls":"starling.textures.Texture",
                "textureName":"language_icon"
              }
            ],
            "customParams":{},
            "params":{
              "height":71,
              "name":"_language_button",
              "scaleWhenDown":0.98,
              "textFormat":{
                "cls":"starling.text.TextFormat",
                "constructorParams":[],
                "customParams":{},
                "params":{}
              },
              "width":69
            }
          }
        ],
        "cls":"feathers.controls.LayoutGroup",
        "customParams":{},
        "params":{
          "layoutData":{
            "cls":"feathers.layout.AnchorLayoutData",
            "customParams":{},
            "params":{
              "bottom":5,
              "left":5
            }
          },
          "name":"bottom_left_layout",
          "x":5,
          "y":884
        }
      }
    ],
    "cls":"feathers.controls.LayoutGroup",
    "customParams":{},
    "params":{
      "backgroundSkin":{
        "cls":"starling.display.Image",
        "constructorParams":[
          {
            "cls":"starling.textures.Texture",
            "textureName":"tile"
          }
        ],
        "customParams":{},
        "params":{
          "name":null,
          "scaleX":10,
          "scaleY":15,
          "tileGrid":{
            "cls":"flash.geom.Rectangle",
            "customParams":{},
            "params":{
              "height":64,
              "width":64
            }
          }
        }
      },
      "height":960,
      "layout":{
        "cls":"feathers.layout.AnchorLayout",
        "customParams":{},
        "params":{}
      },
      "layoutData":{
        "cls":"feathers.layout.AnchorLayoutData",
        "customParams":{},
        "params":{
          "percentHeight":100,
          "percentWidth":100
        }
      },
      "name":"root",
      "width":640
    }
  },
  "setting":{
    "canvasColor":16777215,
    "canvasSize":{
      "x":640,
      "y":960
    }
  },
  "version":"2.0"
}