{
  "layout":{
    "children":[
      {
        "children":[
          {
            "children":[
              {
                "cls":"starling.display.Button",
                "constructorParams":[
                  {
                    "cls":"starling.textures.Texture",
                    "textureName":"button_up"
                  }
                ],
                "customParams":{
                  "localizeKey":"text_12"
                },
                "params":{
                  "downState":{
                    "cls":"starling.textures.Texture",
                    "textureName":"button_down"
                  },
                  "height":100,
                  "name":"_play_again_button",
                  "scale9Grid":{
                    "cls":"flash.geom.Rectangle",
                    "customParams":{},
                    "params":{
                      "height":40,
                      "width":42,
                      "x":31,
                      "y":30
                    }
                  },
                  "scaleWhenDown":0.98,
                  "textFormat":{
                    "cls":"starling.text.TextFormat",
                    "constructorParams":[],
                    "customParams":{},
                    "params":{
                      "color":16776956,
                      "font":"lilita_one",
                      "size":32
                    }
                  },
                  "width":300
                }
              },
              {
                "cls":"starling.display.Button",
                "constructorParams":[
                  {
                    "cls":"starling.textures.Texture",
                    "textureName":"button_up"
                  }
                ],
                "customParams":{
                  "localizeKey":"text_13"
                },
                "params":{
                  "downState":{
                    "cls":"starling.textures.Texture",
                    "textureName":"button_down"
                  },
                  "height":100,
                  "name":"_quit_button",
                  "scale9Grid":{
                    "cls":"flash.geom.Rectangle",
                    "customParams":{},
                    "params":{
                      "height":40,
                      "width":42,
                      "x":31,
                      "y":30
                    }
                  },
                  "scaleWhenDown":0.98,
                  "textFormat":{
                    "cls":"starling.text.TextFormat",
                    "constructorParams":[],
                    "customParams":{},
                    "params":{
                      "color":16777214,
                      "font":"lilita_one",
                      "size":32
                    }
                  },
                  "width":300,
                  "y":100
                }
              }
            ],
            "cls":"feathers.controls.LayoutGroup",
            "customParams":{},
            "params":{
              "height":200,
              "layoutData":{
                "cls":"feathers.layout.AnchorLayoutData",
                "customParams":{},
                "params":{
                  "horizontalCenter":0,
                  "verticalCenter":0
                }
              },
              "name":"button_layout",
              "width":300,
              "x":50,
              "y":75
            }
          },
          {
            "children":[
              {
                "cls":"starling.display.Image",
                "constructorParams":[
                  {
                    "cls":"starling.textures.Texture",
                    "textureName":"ribbon"
                  }
                ],
                "customParams":{},
                "params":{
                  "color":13916366,
                  "name":"ribbon",
                  "scale9Grid":{
                    "cls":"flash.geom.Rectangle",
                    "customParams":{},
                    "params":{
                      "height":5,
                      "width":36,
                      "x":82,
                      "y":30
                    }
                  },
                  "scaleX":1.21,
                  "scaleY":1.02,
                  "x":66,
                  "y":-23
                }
              },
              {
                "cls":"starling.text.TextField",
                "constructorParams":[
                  {
                    "value":200
                  },
                  {
                    "value":100
                  },
                  {
                    "value":""
                  }
                ],
                "customParams":{
                  "localizeKey":"text_11"
                },
                "params":{
                  "autoScale":true,
                  "batchable":true,
                  "format":{
                    "cls":"starling.text.TextFormat",
                    "customParams":{},
                    "params":{
                      "color":16777215,
                      "font":"lilita_one",
                      "size":30
                    }
                  },
                  "height":50,
                  "name":"header_text",
                  "pivotX":110,
                  "pivotY":25,
                  "width":220,
                  "x":191.24,
                  "y":2
                }
              }
            ],
            "cls":"starling.display.Sprite",
            "customParams":{},
            "params":{
              "name":"header_sprite",
              "pivotX":191,
              "pivotY":7,
              "x":200
            }
          }
        ],
        "cls":"feathers.controls.LayoutGroup",
        "customParams":{},
        "params":{
          "backgroundSkin":{
            "cls":"starling.display.Image",
            "constructorParams":[
              {
                "cls":"starling.textures.Texture",
                "textureName":"popup_back"
              }
            ],
            "customParams":{},
            "params":{
              "name":null,
              "scale9Grid":{
                "cls":"flash.geom.Rectangle",
                "customParams":{},
                "params":{
                  "height":59,
                  "width":229,
                  "x":90,
                  "y":44
                }
              },
              "scaleX":1.02,
              "scaleY":2.38
            }
          },
          "height":350,
          "layoutData":{
            "cls":"feathers.layout.AnchorLayoutData",
            "customParams":{},
            "params":{
              "horizontalCenter":0,
              "verticalCenter":-200
            }
          },
          "name":"main_layout",
          "width":400,
          "x":120,
          "y":105
        }
      }
    ],
    "cls":"feathers.controls.LayoutGroup",
    "customParams":{},
    "params":{
      "backgroundSkin":{
        "cls":"starling.display.Quad",
        "constructorParams":[
          {
            "name":"width",
            "type":"Number",
            "value":50
          },
          {
            "name":"height",
            "type":"Number",
            "value":50
          }
        ],
        "customParams":{},
        "params":{
          "alpha":0.4,
          "color":4144959,
          "name":null,
          "scaleX":12.8,
          "scaleY":19.2
        }
      },
      "height":960,
      "layout":{
        "cls":"feathers.layout.AnchorLayout",
        "customParams":{},
        "params":{}
      },
      "layoutData":{
        "cls":"feathers.layout.AnchorLayoutData",
        "customParams":{},
        "params":{
          "percentHeight":100,
          "percentWidth":100
        }
      },
      "name":"root",
      "width":640
    }
  },
  "setting":{
    "canvasColor":16777215,
    "canvasSize":{
      "x":640,
      "y":960
    }
  },
  "version":"2.0"
}