{
  "layout":{
    "children":[
      {
        "children":[
          {
            "children":[
              {
                "cls":"starling.display.Image",
                "constructorParams":[
                  {
                    "cls":"starling.textures.Texture",
                    "textureName":"ribbon"
                  }
                ],
                "customParams":{},
                "params":{
                  "color":16649728,
                  "name":"ribbon",
                  "scale9Grid":{
                    "cls":"flash.geom.Rectangle",
                    "customParams":{},
                    "params":{
                      "height":24,
                      "width":83,
                      "x":62,
                      "y":18
                    }
                  },
                  "scaleX":1.45,
                  "scaleY":1.02
                }
              },
              {
                "cls":"starling.text.TextField",
                "constructorParams":[
                  {
                    "value":200
                  },
                  {
                    "value":100
                  },
                  {
                    "value":""
                  }
                ],
                "customParams":{
                  "localizeKey":"text_05"
                },
                "params":{
                  "autoScale":true,
                  "batchable":true,
                  "format":{
                    "cls":"starling.text.TextFormat",
                    "customParams":{},
                    "params":{
                      "color":16777215,
                      "font":"lilitaone",
                      "size":24
                    }
                  },
                  "height":50,
                  "name":"header_text",
                  "width":280,
                  "x":10.08
                }
              }
            ],
            "cls":"starling.display.Sprite",
            "customParams":{},
            "params":{
              "name":"sprite",
              "pivotX":150,
              "pivotY":25,
              "x":200
            }
          },
          {
            "children":[
              {
                "cls":"starling.display.Button",
                "constructorParams":[
                  {
                    "cls":"starling.textures.Texture",
                    "textureName":"button_normal"
                  }
                ],
                "customParams":{
                  "localizeKey":"text_06"
                },
                "params":{
                  "height":60,
                  "name":"en",
                  "scale9Grid":{
                    "cls":"flash.geom.Rectangle",
                    "customParams":{},
                    "params":{
                      "height":5,
                      "width":33,
                      "x":49,
                      "y":21
                    }
                  },
                  "textFormat":{
                    "cls":"starling.text.TextFormat",
                    "constructorParams":[],
                    "customParams":{},
                    "params":{
                      "color":16711676,
                      "font":"lilitaone",
                      "size":30
                    }
                  },
                  "width":220
                }
              },
              {
                "cls":"starling.display.Button",
                "constructorParams":[
                  {
                    "cls":"starling.textures.Texture",
                    "textureName":"button_normal"
                  }
                ],
                "customParams":{
                  "localizeKey":"text_07"
                },
                "params":{
                  "height":60,
                  "name":"fr",
                  "scale9Grid":{
                    "cls":"flash.geom.Rectangle",
                    "customParams":{},
                    "params":{
                      "height":5,
                      "width":33,
                      "x":49,
                      "y":21
                    }
                  },
                  "textFormat":{
                    "cls":"starling.text.TextFormat",
                    "constructorParams":[],
                    "customParams":{},
                    "params":{
                      "color":16711676,
                      "font":"lilitaone",
                      "size":30
                    }
                  },
                  "width":220,
                  "y":65
                }
              },
              {
                "cls":"starling.display.Button",
                "constructorParams":[
                  {
                    "cls":"starling.textures.Texture",
                    "textureName":"button_normal"
                  }
                ],
                "customParams":{
                  "localizeKey":"text_08"
                },
                "params":{
                  "height":60,
                  "name":"de",
                  "scale9Grid":{
                    "cls":"flash.geom.Rectangle",
                    "customParams":{},
                    "params":{
                      "height":5,
                      "width":33,
                      "x":49,
                      "y":21
                    }
                  },
                  "textFormat":{
                    "cls":"starling.text.TextFormat",
                    "constructorParams":[],
                    "customParams":{},
                    "params":{
                      "color":16711676,
                      "font":"lilitaone",
                      "size":30
                    }
                  },
                  "width":220,
                  "y":130
                }
              }
            ],
            "cls":"feathers.controls.LayoutGroup",
            "customParams":{},
            "params":{
              "layout":{
                "cls":"feathers.layout.VerticalLayout",
                "customParams":{},
                "params":{
                  "gap":5,
                  "horizontalAlign":"center",
                  "verticalAlign":"middle"
                }
              },
              "layoutData":{
                "cls":"feathers.layout.AnchorLayoutData",
                "customParams":{},
                "params":{
                  "horizontalCenter":0,
                  "verticalCenter":0
                }
              },
              "name":"_main_layout",
              "x":90,
              "y":55
            }
          },
          {
            "cls":"starling.display.Button",
            "constructorParams":[
              {
                "cls":"starling.textures.Texture",
                "textureName":"close_button"
              }
            ],
            "customParams":{},
            "params":{
              "height":50,
              "name":"_close_button",
              "textFormat":{
                "cls":"starling.text.TextFormat",
                "constructorParams":[],
                "customParams":{},
                "params":{}
              },
              "width":50,
              "x":362.8,
              "y":-15
            }
          }
        ],
        "cls":"feathers.controls.LayoutGroup",
        "customParams":{},
        "params":{
          "backgroundSkin":{
            "cls":"starling.display.Image",
            "constructorParams":[
              {
                "cls":"starling.textures.Texture",
                "textureName":"item_back"
              }
            ],
            "customParams":{},
            "params":{
              "name":null,
              "scale9Grid":{
                "cls":"flash.geom.Rectangle",
                "customParams":{},
                "params":{
                  "height":40,
                  "width":32,
                  "x":24,
                  "y":30
                }
              },
              "scaleX":5,
              "scaleY":3.03
            }
          },
          "height":300,
          "layout":{
            "cls":"feathers.layout.AnchorLayout",
            "customParams":{},
            "params":{}
          },
          "layoutData":{
            "cls":"feathers.layout.AnchorLayoutData",
            "customParams":{},
            "params":{
              "horizontalCenter":0,
              "verticalCenter":0
            }
          },
          "name":"layoutGroup",
          "width":400,
          "x":120,
          "y":330
        }
      }
    ],
    "cls":"feathers.controls.LayoutGroup",
    "customParams":{},
    "params":{
      "backgroundSkin":{
        "cls":"starling.display.Quad",
        "constructorParams":[
          {
            "name":"width",
            "type":"Number",
            "value":50
          },
          {
            "name":"height",
            "type":"Number",
            "value":50
          }
        ],
        "customParams":{},
        "params":{
          "alpha":0.3,
          "color":524800,
          "name":null,
          "scaleX":12.8,
          "scaleY":19.2
        }
      },
      "height":960,
      "layout":{
        "cls":"feathers.layout.AnchorLayout",
        "customParams":{},
        "params":{}
      },
      "layoutData":{
        "cls":"feathers.layout.AnchorLayoutData",
        "customParams":{},
        "params":{
          "percentHeight":100,
          "percentWidth":100
        }
      },
      "name":"root",
      "width":640
    }
  },
  "setting":{
    "canvasColor":16777215,
    "canvasSize":{
      "x":640,
      "y":960
    }
  },
  "version":"2.0"
}