{
  "layout":{
    "children":[
      {
        "children":[
          {
            "children":[
              {
                "cls":"starling.display.Image",
                "constructorParams":[
                  {
                    "cls":"starling.textures.Texture",
                    "textureName":"ribbon"
                  }
                ],
                "customParams":{},
                "params":{
                  "name":"ribbon",
                  "scale9Grid":{
                    "cls":"flash.geom.Rectangle",
                    "customParams":{},
                    "params":{
                      "height":24,
                      "width":83,
                      "x":62,
                      "y":18
                    }
                  },
                  "scaleX":1.74
                }
              },
              {
                "cls":"starling.text.TextField",
                "constructorParams":[
                  {
                    "value":200
                  },
                  {
                    "value":100
                  },
                  {
                    "value":""
                  }
                ],
                "customParams":{
                  "localizeKey":"text_09"
                },
                "params":{
                  "autoScale":true,
                  "batchable":true,
                  "format":{
                    "cls":"starling.text.TextFormat",
                    "customParams":{},
                    "params":{
                      "color":16777215,
                      "font":"lilitaone",
                      "size":30
                    }
                  },
                  "height":50,
                  "name":"lilitaone",
                  "width":360
                }
              }
            ],
            "cls":"starling.display.Sprite",
            "customParams":{},
            "params":{
              "name":"sprite",
              "pivotX":180,
              "pivotY":29.5,
              "x":250
            }
          },
          {
            "cls":"starling.display.Button",
            "constructorParams":[
              {
                "cls":"starling.textures.Texture",
                "textureName":"close_button"
              }
            ],
            "customParams":{},
            "params":{
              "height":71,
              "name":"_close_button",
              "pivotX":34.5,
              "pivotY":35.5,
              "textFormat":{
                "cls":"starling.text.TextFormat",
                "constructorParams":[],
                "customParams":{},
                "params":{}
              },
              "width":69,
              "x":490
            }
          },
          {
            "cls":"feathers.controls.List",
            "customParams":{},
            "params":{
              "backgroundSkin":{
                "cls":"starling.display.Image",
                "constructorParams":[
                  {
                    "cls":"starling.textures.Texture",
                    "textureName":"panelInset_beige"
                  }
                ],
                "customParams":{},
                "params":{
                  "name":null,
                  "scale9Grid":{
                    "cls":"flash.geom.Rectangle",
                    "customParams":{},
                    "params":{
                      "height":38,
                      "width":37,
                      "x":28,
                      "y":28
                    }
                  },
                  "scaleX":4.84,
                  "scaleY":5.32
                }
              },
              "height":500,
              "layout":{
                "cls":"feathers.layout.VerticalLayout",
                "constructorParams":[],
                "customParams":{},
                "params":{
                  "gap":5,
                  "horizontalAlign":"center",
                  "padding":15
                }
              },
              "layoutData":{
                "cls":"feathers.layout.AnchorLayoutData",
                "customParams":{},
                "params":{
                  "horizontalCenter":0,
                  "verticalCenter":10
                }
              },
              "name":"_list",
              "width":450,
              "x":25,
              "y":60
            }
          },
          {
            "cls":"starling.display.Sprite",
            "customParams":{
              "forEditor":true,
              "source":"leaderboard_item_ui"
            },
            "params":{
              "name":"leaderboard_item_ui",
              "x":50,
              "y":95.2
            }
          },
          {
            "cls":"starling.display.Sprite",
            "customParams":{
              "forEditor":true,
              "source":"leaderboard_item_ui"
            },
            "params":{
              "name":"leaderboard_item_ui",
              "x":50,
              "y":188.8
            }
          },
          {
            "cls":"starling.display.Sprite",
            "customParams":{
              "forEditor":true,
              "source":"leaderboard_item_ui"
            },
            "params":{
              "name":"leaderboard_item_ui",
              "x":50.09,
              "y":283.1
            }
          }
        ],
        "cls":"feathers.controls.LayoutGroup",
        "customParams":{},
        "params":{
          "backgroundSkin":{
            "cls":"starling.display.Image",
            "constructorParams":[
              {
                "cls":"starling.textures.Texture",
                "textureName":"panel_brown"
              }
            ],
            "customParams":{},
            "params":{
              "name":null,
              "scale9Grid":{
                "cls":"flash.geom.Rectangle",
                "customParams":{},
                "params":{
                  "height":40,
                  "width":40,
                  "x":30,
                  "y":30
                }
              },
              "scaleX":5,
              "scaleY":6
            }
          },
          "height":600,
          "layout":{
            "cls":"feathers.layout.AnchorLayout",
            "customParams":{},
            "params":{}
          },
          "layoutData":{
            "cls":"feathers.layout.AnchorLayoutData",
            "customParams":{},
            "params":{
              "horizontalCenter":0,
              "verticalCenter":0
            }
          },
          "name":"main_layout",
          "width":500,
          "x":70,
          "y":180
        }
      }
    ],
    "cls":"feathers.controls.LayoutGroup",
    "customParams":{},
    "params":{
      "backgroundSkin":{
        "cls":"starling.display.Quad",
        "constructorParams":[
          {
            "name":"width",
            "type":"Number",
            "value":50
          },
          {
            "name":"height",
            "type":"Number",
            "value":50
          }
        ],
        "customParams":{},
        "params":{
          "alpha":0.3,
          "color":262144,
          "name":null,
          "scaleX":12.8,
          "scaleY":19.2
        }
      },
      "height":960,
      "layout":{
        "cls":"feathers.layout.AnchorLayout",
        "customParams":{},
        "params":{}
      },
      "layoutData":{
        "cls":"feathers.layout.AnchorLayoutData",
        "customParams":{},
        "params":{
          "percentHeight":100,
          "percentWidth":100
        }
      },
      "name":"root",
      "width":640
    }
  },
  "setting":{
    "canvasColor":16777215,
    "canvasSize":{
      "x":640,
      "y":960
    }
  },
  "version":"2.0"
}