{
  "layout":{
    "children":[
      {
        "cls":"starling.text.TextField",
        "constructorParams":[
          {
            "value":200
          },
          {
            "value":100
          },
          {
            "value":""
          }
        ],
        "customParams":{},
        "params":{
          "autoScale":true,
          "batchable":true,
          "format":{
            "cls":"starling.text.TextFormat",
            "customParams":{},
            "params":{
              "color":15216318,
              "font":"lilitaone",
              "size":30
            }
          },
          "height":50,
          "name":"_rank_text",
          "text":"99",
          "width":50,
          "x":15,
          "y":15
        }
      },
      {
        "cls":"starling.text.TextField",
        "constructorParams":[
          {
            "value":200
          },
          {
            "value":100
          },
          {
            "value":""
          }
        ],
        "customParams":{},
        "params":{
          "autoScale":true,
          "batchable":true,
          "format":{
            "cls":"starling.text.TextFormat",
            "customParams":{},
            "params":{
              "color":4845820,
              "font":"lilitaone",
              "size":30
            }
          },
          "height":50,
          "name":"_name_text",
          "text":"PLAYER NAME",
          "width":200,
          "x":75,
          "y":15
        }
      },
      {
        "cls":"starling.text.TextField",
        "constructorParams":[
          {
            "value":200
          },
          {
            "value":100
          },
          {
            "value":""
          }
        ],
        "customParams":{},
        "params":{
          "autoScale":true,
          "batchable":true,
          "format":{
            "cls":"starling.text.TextFormat",
            "customParams":{},
            "params":{
              "color":16775426,
              "font":"lilitaone",
              "size":30
            }
          },
          "height":50,
          "name":"_score_text",
          "text":"9999999",
          "width":100,
          "x":285,
          "y":15
        }
      }
    ],
    "cls":"feathers.controls.LayoutGroup",
    "customParams":{},
    "params":{
      "backgroundSkin":{
        "cls":"starling.display.Image",
        "constructorParams":[
          {
            "cls":"starling.textures.Texture",
            "textureName":"button_grey"
          }
        ],
        "customParams":{},
        "params":{
          "name":null,
          "scale9Grid":{
            "cls":"flash.geom.Rectangle",
            "customParams":{},
            "params":{
              "height":21,
              "width":51,
              "x":38,
              "y":16
            }
          },
          "scaleX":3.13,
          "scaleY":1.51
        }
      },
      "height":80,
      "layout":{
        "cls":"feathers.layout.HorizontalLayout",
        "customParams":{},
        "params":{
          "gap":10,
          "horizontalAlign":"center",
          "padding":15,
          "verticalAlign":"middle"
        }
      },
      "name":"root",
      "width":400
    }
  },
  "setting":{
    "canvasColor":16777215,
    "canvasSize":{
      "x":640,
      "y":960
    }
  },
  "version":"2.0"
}