{
  "layout":{
    "children":[
      {
        "children":[
          {
            "children":[
              {
                "cls":"starling.display.Image",
                "constructorParams":[
                  {
                    "cls":"starling.textures.Texture",
                    "textureName":"player_car"
                  }
                ],
                "customParams":{},
                "params":{
                  "filter":{
                    "cls":"starling.filters.SineWaveFilter",
                    "customParams":{},
                    "params":{
                      "amplitude":10,
                      "frequency":30
                    }
                  },
                  "name":"player_car"
                }
              }
            ],
            "cls":"starling.display.Sprite",
            "customParams":{
              "customComponentClass":"PlayerCar"
            },
            "params":{
              "name":"_player_car",
              "pivotX":67,
              "pivotY":135,
              "x":160,
              "y":750
            }
          }
        ],
        "cls":"feathers.controls.LayoutGroup",
        "customParams":{},
        "params":{
          "height":900,
          "layoutData":{
            "cls":"feathers.layout.AnchorLayoutData",
            "customParams":{},
            "params":{
              "bottom":60,
              "left":0,
              "right":0,
              "top":0
            }
          },
          "name":"_main_layout",
          "width":640
        }
      },
      {
        "children":[
          {
            "cls":"starling.text.TextField",
            "constructorParams":[
              {
                "value":200
              },
              {
                "value":100
              },
              {
                "value":""
              }
            ],
            "customParams":{
              "localizeKey":"text_10"
            },
            "params":{
              "autoScale":true,
              "batchable":true,
              "format":{
                "cls":"starling.text.TextFormat",
                "customParams":{},
                "params":{
                  "color":16777215,
                  "font":"lilitaone",
                  "horizontalAlign":"right",
                  "size":40
                }
              },
              "height":50,
              "name":"_score_label",
              "width":200
            }
          },
          {
            "cls":"starling.text.TextField",
            "constructorParams":[
              {
                "value":200
              },
              {
                "value":100
              },
              {
                "value":""
              }
            ],
            "customParams":{},
            "params":{
              "autoScale":true,
              "batchable":true,
              "format":{
                "cls":"starling.text.TextFormat",
                "customParams":{},
                "params":{
                  "color":16514081,
                  "font":"lilitaone",
                  "horizontalAlign":"left",
                  "size":40
                }
              },
              "height":50,
              "name":"_score_text",
              "text":"9999",
              "width":100,
              "x":220
            }
          }
        ],
        "cls":"feathers.controls.LayoutGroup",
        "customParams":{},
        "params":{
          "layoutData":{
            "cls":"feathers.layout.AnchorLayoutData",
            "customParams":{},
            "params":{
              "right":10,
              "top":10
            }
          },
          "name":"top_right_layout",
          "x":310,
          "y":10
        }
      }
    ],
    "cls":"feathers.controls.LayoutGroup",
    "customParams":{},
    "params":{
      "height":960,
      "layout":{
        "cls":"feathers.layout.AnchorLayout",
        "customParams":{},
        "params":{}
      },
      "layoutData":{
        "cls":"feathers.layout.AnchorLayoutData",
        "customParams":{},
        "params":{
          "percentHeight":100,
          "percentWidth":100
        }
      },
      "name":"root",
      "width":640
    }
  },
  "setting":{
    "canvasColor":16580349,
    "canvasSize":{
      "x":640,
      "y":960
    }
  },
  "version":"2.0"
}