<?xml version="1.0" encoding="UTF-8"?>
<!--
Created with Free texture packer v0.6.7 http://free-tex-packer.com
-->
<TextureAtlas imagePath="texture.png" width="898" height="899">
  <SubTexture name="turbo_shift" x="2" y="2"  width="542" height="110" frameX="-0" frameY="-0" frameWidth="542" frameHeight="110"/>
  <SubTexture name="popup_back" x="2" y="116"  width="391" height="147" frameX="-0" frameY="-0" frameWidth="391" frameHeight="147"/>
  <SubTexture name="settings_back" x="2" y="267"  width="64" height="284" frameX="-0" frameY="-0" frameWidth="64" frameHeight="284"/>
  <SubTexture name="player_car" x="397" y="116"  width="134" height="270" frameX="-0" frameY="-0" frameWidth="134" frameHeight="270"/>
  <SubTexture name="LilitaOne" x="70" y="267"  width="265" height="262" frameX="-0" frameY="-0" frameWidth="265" frameHeight="262"/>
  <SubTexture name="enemy_car_02" x="548" y="2"  width="140" height="239" frameX="-0" frameY="-0" frameWidth="140" frameHeight="239"/>
  <SubTexture name="enemy_car_05" x="535" y="245"  width="140" height="239" frameX="-0" frameY="-0" frameWidth="140" frameHeight="239"/>
  <SubTexture name="enemy_car_04" x="2" y="555"  width="140" height="239" frameX="-0" frameY="-0" frameWidth="140" frameHeight="239"/>
  <SubTexture name="enemy_car_03" x="146" y="533"  width="140" height="239" frameX="-0" frameY="-0" frameWidth="140" frameHeight="239"/>
  <SubTexture name="enemy_car_01" x="290" y="533"  width="140" height="239" frameX="-0" frameY="-0" frameWidth="140" frameHeight="239"/>
  <SubTexture name="ribbon" x="434" y="488"  width="207" height="59" frameX="-0" frameY="-0" frameWidth="207" frameHeight="59"/>
  <SubTexture name="button_normal" x="339" y="390"  width="135" height="49" frameX="-0" frameY="-0" frameWidth="135" frameHeight="49"/>
  <SubTexture name="air_icon" x="434" y="551"  width="132" height="132" frameX="-0" frameY="-0" frameWidth="132" frameHeight="132"/>
  <SubTexture name="button_grey" x="434" y="687"  width="128" height="53" frameX="-0" frameY="-0" frameWidth="128" frameHeight="53"/>
  <SubTexture name="button_down" x="566" y="687"  width="104" height="101" frameX="-0" frameY="-0" frameWidth="104" frameHeight="101"/>
  <SubTexture name="button_up" x="570" y="551"  width="104" height="101" frameX="-0" frameY="-0" frameWidth="104" frameHeight="101"/>
  <SubTexture name="bird_13" x="692" y="2"  width="100" height="93" frameX="-0" frameY="-0" frameWidth="100" frameHeight="93"/>
  <SubTexture name="bird_14" x="692" y="99"  width="100" height="93" frameX="-0" frameY="-0" frameWidth="100" frameHeight="93"/>
  <SubTexture name="bird_02" x="692" y="196"  width="100" height="93" frameX="-0" frameY="-0" frameWidth="100" frameHeight="93"/>
  <SubTexture name="bird_04" x="679" y="293"  width="100" height="93" frameX="-0" frameY="-0" frameWidth="100" frameHeight="93"/>
  <SubTexture name="bird_05" x="679" y="390"  width="100" height="93" frameX="-0" frameY="-0" frameWidth="100" frameHeight="93"/>
  <SubTexture name="bird_06" x="679" y="487"  width="100" height="93" frameX="-0" frameY="-0" frameWidth="100" frameHeight="93"/>
  <SubTexture name="bird_07" x="678" y="584"  width="100" height="93" frameX="-0" frameY="-0" frameWidth="100" frameHeight="93"/>
  <SubTexture name="bird_08" x="674" y="681"  width="100" height="93" frameX="-0" frameY="-0" frameWidth="100" frameHeight="93"/>
  <SubTexture name="bird_03" x="796" y="2"  width="100" height="93" frameX="-0" frameY="-0" frameWidth="100" frameHeight="93"/>
  <SubTexture name="bird_09" x="796" y="99"  width="100" height="93" frameX="-0" frameY="-0" frameWidth="100" frameHeight="93"/>
  <SubTexture name="bird_10" x="796" y="196"  width="100" height="93" frameX="-0" frameY="-0" frameWidth="100" frameHeight="93"/>
  <SubTexture name="bird_11" x="783" y="293"  width="100" height="93" frameX="-0" frameY="-0" frameWidth="100" frameHeight="93"/>
  <SubTexture name="bird_12" x="783" y="390"  width="100" height="93" frameX="-0" frameY="-0" frameWidth="100" frameHeight="93"/>
  <SubTexture name="bird_01" x="783" y="487"  width="100" height="93" frameX="-0" frameY="-0" frameWidth="100" frameHeight="93"/>
  <SubTexture name="panel_brown" x="778" y="681"  width="100" height="100" frameX="-0" frameY="-0" frameWidth="100" frameHeight="100"/>
  <SubTexture name="item_back" x="2" y="798"  width="80" height="99" frameX="-0" frameY="-0" frameWidth="80" frameHeight="99"/>
  <SubTexture name="panelInset_beige" x="86" y="798"  width="93" height="94" frameX="-0" frameY="-0" frameWidth="93" frameHeight="94"/>
  <SubTexture name="help_icon" x="339" y="443"  width="69" height="71" frameX="-0" frameY="-0" frameWidth="69" frameHeight="71"/>
  <SubTexture name="language_icon" x="782" y="584"  width="69" height="71" frameX="-0" frameY="-0" frameWidth="69" frameHeight="71"/>
  <SubTexture name="settings_icon" x="674" y="778"  width="69" height="71" frameX="-0" frameY="-0" frameWidth="69" frameHeight="71"/>
  <SubTexture name="leaderboard_icon" x="183" y="792"  width="69" height="71" frameX="-0" frameY="-0" frameWidth="69" frameHeight="71"/>
  <SubTexture name="close_button" x="256" y="792"  width="69" height="71" frameX="-0" frameY="-0" frameWidth="69" frameHeight="71"/>
  <SubTexture name="slider" x="329" y="792"  width="64" height="64" frameX="-0" frameY="-0" frameWidth="64" frameHeight="64"/>
  <SubTexture name="tile" x="397" y="792"  width="64" height="64" frameX="-0" frameY="-0" frameWidth="64" frameHeight="64"/>
  <SubTexture name="bgm_ icon" x="478" y="390"  width="48" height="48" frameX="-0" frameY="-0" frameWidth="48" frameHeight="48"/>
  <SubTexture name="ban_icon" x="339" y="267"  width="48" height="48" frameX="-0" frameY="-0" frameWidth="48" frameHeight="48"/>
  <SubTexture name="info_icon" x="339" y="319"  width="48" height="48" frameX="-0" frameY="-0" frameWidth="48" frameHeight="48"/>
  <SubTexture name="sfx_icon" x="465" y="744"  width="48" height="48" frameX="-0" frameY="-0" frameWidth="48" frameHeight="48"/>
</TextureAtlas>