{"name":null,"assets":"aoy4:pathy34:assets%2Ftextures%2Flilita_one.fnty4:sizei11292y4:typey4:TEXTy2:idR1goR0y34:assets%2Ftextures%2Flilita_one.pngR2i46964R3y5:IMAGER5R6goR0y31:assets%2Ftextures%2Ftexture.pngR2i469733R3R7R5R8goR0y31:assets%2Ftextures%2Ftexture.xmlR2i6072R3R4R5R9goR0y36:assets%2Fbackgrounds%2Froad_tile.pngR2i4600R3R7R5R10goR2i15936R3y5:MUSICR5y35:assets%2Fsounds%2Fbig_explosion.mp3y9:pathGroupaR12hgoR2i1252R3R11R5y34:assets%2Fsounds%2Fbutton_click.mp3R13aR14hgoR2i40959R3R11R5y30:assets%2Fsounds%2Fcar_loop.mp3R13aR15hgoR2i6144R3R11R5y33:assets%2Fsounds%2Fchange_lane.mp3R13aR16hgoR2i1217928R3R11R5y31:assets%2Fsounds%2Fgame_loop.mp3R13aR17hgoR2i9403R3R11R5y36:assets%2Fsounds%2Fnew_high_score.mp3R13aR18hgoR0y36:assets%2Flocalization%2Fstrings.jsonR2i1640R3R4R5R19goR0y37:assets%2Fparticles%2FbigExplosion.sdeR2i179325R3y6:BINARYR5R20goR0y36:assets%2Fparticles%2FblazingFire.sdeR2i58310R3R21R5R22goR0y34:assets%2Fparticles%2FpinkSmoke.sdeR2i58540R3R21R5R23goR0y37:assets%2Flayouts%2Finfo_popup_ui.jsonR2i8988R3R4R5R24y7:preloadtgoR0y41:assets%2Flayouts%2Flanguage_popup_ui.jsonR2i9824R3R4R5R26R25tgoR0y43:assets%2Flayouts%2Fleaderboard_item_ui.jsonR2i3319R3R4R5R27R25tgoR0y44:assets%2Flayouts%2Fleaderboard_popup_ui.jsonR2i6859R3R4R5R28R25tgoR0y32:assets%2Flayouts%2Flobby_ui.jsonR2i14477R3R4R5R29R25tgoR0y36:assets%2Flayouts%2Frace_game_ui.jsonR2i4383R3R4R5R30R25tgoR0y31:assets%2Flayouts%2Froad_ui.jsonR2i1559R3R4R5R31R25tgoR0y37:assets%2Flayouts%2Fround_over_ui.jsonR2i7994R3R4R5R32R25tgh","rootPath":null,"version":2,"libraryArgs":[],"libraryType":null}